Hours_Studied;Attendance;Exam_Score
23;84;67
19;64;61
24;98;74
29;89;71
19;92;70
19;88;71
29;84;67
25;78;66
17;94;69
23;98;72
17;80;68
17;97;71
21;83;70
9;82;66
10;78;65
17;68;64
14;60;60
22;70;65
15;80;67
12;75;66
29;78;69
19;99;72
20;74;66
11;78;66
17;65;63
21;62;64
13;91;65
22;83;71
16;90;66
18;66;64
16;83;63
31;70;69
20;69;67
14;60;61
25;65;68
13;72;61
21;65;64
8;99;67
12;72;63
21;65;64
24;68;67
21;84;65
19;63;64
18;94;70
11;98;68
16;70;65
17;78;68
26;61;64
22;86;68
9;77;63
22;71;64
18;68;64
16;86;67
24;77;67
26;67;66
26;88;72
15;83;65
18;94;71
22;65;66
26;91;68
17;87;70
19;65;62
13;88;68
13;78;67
25;98;71
28;66;68
20;86;69
26;75;70
22;98;69
16;73;65
22;98;70
29;96;71
20;71;65
29;92;72
4;100;69
25;70;66
21;77;68
18;81;65
21;72;64
8;61;60
19;69;65
22;71;66
29;78;74
17;67;62
15;95;70
17;88;69
25;63;67
22;86;64
17;86;71
23;98;68
21;60;64
26;70;63
16;97;71
18;97;69
18;89;100
11;91;68
22;64;62
22;81;68
20;69;66
19;67;64
12;92;67
17;65;65
18;79;65
15;98;69
19;67;63
22;99;72
31;100;76
21;82;69
22;67;67
20;73;69
8;77;63
20;72;67
20;71;66
35;99;79
19;66;64
22;89;73
20;60;63
13;84;65
27;97;73
25;72;70
25;67;68
15;86;65
28;89;71
12;88;64
24;73;68
33;70;69
14;98;69
17;97;69
21;78;67
17;94;68
11;78;64
20;77;66
14;66;63
23;77;66
14;81;66
29;61;67
15;78;65
18;91;68
25;87;68
13;85;65
21;96;71
28;61;65
10;82;64
21;91;72
22;82;65
25;73;66
13;65;61
12;96;68
23;79;69
22;95;72
22;83;71
22;87;70
16;92;68
21;86;67
22;76;68
16;81;68
31;92;72
23;75;65
13;76;66
24;64;65
14;97;67
25;64;66
27;86;69
15;77;66
26;76;69
22;87;67
25;63;66
31;84;71
19;91;70
15;93;71
15;67;66
15;96;67
20;86;66
22;95;72
22;79;68
25;82;69
20;97;71
29;96;70
18;78;67
36;71;69
24;76;65
15;76;65
14;71;64
23;71;63
19;94;69
24;63;64
23;87;72
20;67;63
15;74;64
11;62;64
17;71;67
25;91;71
21;95;70
13;69;61
21;79;67
22;79;72
15;95;66
21;91;70
20;81;67
13;87;67
22;94;71
23;60;66
26;76;68
26;96;74
12;90;64
14;82;65
23;81;66
23;74;66
23;81;68
43;86;78
23;77;67
27;89;74
26;94;74
24;66;62
18;78;66
25;76;69
15;87;68
19;70;89
17;86;66
20;95;68
34;77;69
9;96;67
24;100;75
10;64;60
17;69;66
27;98;73
20;98;68
14;64;62
16;61;62
24;66;65
16;100;69
21;67;64
20;80;67
16;94;70
33;61;70
24;84;69
8;71;61
21;94;69
16;71;63
25;87;67
15;87;65
19;69;66
23;61;63
25;76;68
13;72;65
18;92;67
17;92;68
16;78;64
31;84;71
22;84;69
12;93;67
26;77;65
33;71;68
26;71;67
11;81;67
17;78;66
28;78;70
16;64;65
23;89;69
25;69;65
14;68;63
20;77;67
1;69;61
14;83;65
18;75;66
13;78;66
30;81;69
11;68;63
17;66;65
21;95;67
29;77;69
11;76;65
27;61;65
20;80;65
14;82;67
23;82;66
21;88;72
16;67;66
20;70;65
18;92;69
21;98;68
24;65;64
30;80;69
13;69;59
33;62;68
8;73;60
19;66;62
24;88;67
22;81;68
16;66;64
19;60;65
17;92;65
16;67;63
25;84;70
22;73;66
16;83;68
25;73;66
22;63;63
25;69;66
24;68;65
15;77;66
17;86;67
24;71;66
24;60;63
20;81;66
21;84;67
28;99;71
16;84;67
23;79;69
19;83;67
19;97;72
27;93;70
25;73;67
25;69;64
28;71;67
20;80;69
24;90;68
18;80;63
22;63;68
19;89;70
21;92;66
24;72;68
15;87;67
33;77;69
14;96;66
13;94;68
27;81;69
25;88;70
24;95;74
24;80;70
20;73;66
15;90;69
20;69;64
16;76;62
26;95;70
19;89;68
15;76;65
18;69;65
22;74;71
17;71;66
15;67;61
21;90;67
21;70;65
17;78;65
17;75;65
21;99;73
11;76;62
12;63;60
16;64;61
19;84;67
22;84;70
29;77;69
25;77;66
19;62;64
20;81;68
14;80;67
20;66;64
18;64;65
22;65;66
15;64;63
23;84;68
29;68;66
19;70;63
22;67;63
24;98;74
18;94;70
21;69;68
20;73;66
21;68;63
15;80;67
20;61;62
23;87;71
29;81;72
26;96;72
33;67;68
15;92;66
25;92;70
21;65;66
33;76;72
15;67;64
15;70;63
16;71;61
7;82;62
17;76;68
15;98;68
21;65;63
22;99;70
31;69;68
26;91;72
17;74;67
15;66;61
23;94;69
12;72;61
31;86;75
27;83;68
17;79;65
10;80;67
28;89;75
19;64;64
27;87;70
10;96;67
16;62;63
20;66;65
20;89;67
17;77;86
24;76;67
14;65;63
19;80;66
21;65;65
23;79;67
24;91;69
13;70;66
11;79;64
28;100;73
22;87;66
16;94;68
29;77;70
21;91;69
27;62;67
20;65;62
32;68;68
31;76;72
19;94;69
26;74;66
24;86;70
28;88;71
14;83;65
24;74;70
26;83;65
9;74;62
13;63;62
8;100;70
18;65;66
24;63;67
29;95;72
20;72;66
30;86;68
12;73;62
10;76;64
20;70;65
22;74;66
20;76;64
8;89;67
19;80;69
12;98;68
24;62;64
22;80;68
14;83;64
17;97;71
14;62;61
20;83;68
26;94;73
14;70;64
23;95;72
17;61;65
15;89;68
19;97;71
14;86;65
17;78;66
13;62;63
32;97;74
20;79;66
16;61;63
21;88;72
19;79;69
19;65;67
24;69;66
25;63;64
17;83;67
17;85;69
18;80;65
6;93;64
11;94;65
28;85;72
30;61;66
19;88;66
23;77;67
22;83;69
38;86;73
27;74;69
19;97;68
14;65;61
10;87;63
21;60;63
15;97;68
11;65;63
16;64;66
14;73;65
30;75;68
25;69;66
20;83;66
29;78;70
20;61;61
15;73;61
29;92;71
23;88;67
14;89;70
19;88;69
15;72;65
12;64;61
26;71;68
31;93;74
12;99;67
23;80;70
16;60;59
17;66;64
16;73;66
15;83;63
20;63;61
15;98;68
22;75;65
20;97;69
19;91;68
15;90;69
17;84;67
25;85;70
23;86;68
14;85;67
21;82;67
25;99;75
10;89;63
23;91;70
16;95;70
23;69;64
15;63;59
9;79;63
10;81;67
20;93;68
22;78;68
15;83;97
24;81;66
10;62;61
20;85;70
13;93;65
16;66;64
20;84;69
15;84;64
18;67;61
26;65;64
17;99;68
25;76;67
13;69;62
23;67;66
29;87;72
5;84;68
15;86;71
23;64;65
19;96;68
22;76;65
16;73;64
21;78;65
19;76;65
27;95;73
22;97;72
22;72;64
18;95;69
17;91;69
17;97;70
22;70;83
17;83;68
22;71;84
32;93;75
25;60;67
18;83;69
27;74;71
18;73;66
8;86;65
14;94;70
9;84;66
18;94;74
20;71;66
30;81;68
22;78;68
19;60;62
25;82;71
7;86;63
21;84;69
25;89;71
11;83;66
27;63;64
22;65;65
18;84;69
24;71;66
34;63;67
21;77;65
21;82;65
17;73;67
15;89;66
25;86;69
15;73;64
20;90;70
17;86;68
23;85;68
22;82;69
26;60;68
17;88;70
18;75;67
14;98;72
17;93;69
22;84;69
25;70;64
14;68;63
25;74;70
28;79;70
22;72;66
31;81;70
15;67;66
13;99;68
9;64;61
29;97;72
24;97;69
20;81;63
22;89;72
13;77;65
35;85;74
21;74;62
21;72;65
24;83;68
23;80;66
21;83;71
15;71;62
23;75;65
31;63;68
28;62;70
30;70;67
17;63;63
14;64;63
19;93;69
20;62;66
27;86;70
10;71;63
29;95;72
19;79;65
17;72;67
14;81;63
10;75;65
25;83;67
20;65;80
12;100;68
12;77;63
18;74;64
30;88;73
18;75;66
11;93;66
19;78;66
18;89;69
4;64;59
20;94;68
19;89;67
24;68;64
31;66;65
27;73;68
18;99;70
13;70;62
35;78;72
20;61;62
20;76;68
20;83;69
21;98;73
19;81;69
17;93;67
17;82;65
20;62;63
17;73;66
16;83;66
21;98;70
18;94;69
29;69;70
4;69;58
27;68;67
27;97;73
8;94;66
18;91;70
18;76;67
12;80;60
15;79;65
13;70;63
31;80;72
26;61;62
28;65;70
24;95;70
13;90;64
17;77;64
23;81;67
13;75;64
24;90;72
19;91;66
18;91;66
24;89;71
23;68;66
18;74;64
27;79;66
14;73;62
24;90;70
24;73;69
18;66;65
22;76;70
12;99;70
26;69;67
19;84;69
17;77;62
26;63;67
16;80;65
12;88;65
11;81;65
24;95;69
12;72;63
31;63;66
8;97;67
30;75;69
21;83;67
19;92;70
17;73;67
22;89;70
20;65;65
27;72;63
21;66;64
21;92;69
18;69;60
20;89;69
22;98;72
10;81;63
12;82;63
24;78;66
21;73;70
19;79;68
20;84;69
22;99;72
17;98;67
15;94;68
21;96;70
14;79;68
22;86;69
10;96;68
26;76;66
23;98;72
22;77;67
26;84;70
30;88;73
26;98;73
9;70;60
12;90;67
16;81;69
20;71;65
23;91;70
16;82;68
21;86;66
15;73;65
16;79;64
12;85;67
14;76;65
12;68;64
14;98;67
26;80;70
14;89;63
36;76;71
23;74;68
21;76;67
15;76;67
24;82;68
17;82;66
21;80;68
35;65;70
19;80;67
27;67;67
16;65;62
20;97;67
31;84;70
16;86;72
31;76;70
24;96;94
17;86;66
24;91;69
26;75;68
24;98;71
11;93;69
16;94;67
19;67;64
20;71;63
24;71;66
21;71;66
12;94;69
22;61;64
24;63;62
23;71;66
26;68;70
25;69;67
23;92;68
20;83;67
10;60;62
23;77;67
21;76;68
22;65;64
12;87;64
14;88;66
26;89;72
20;89;72
24;60;66
20;98;72
20;93;69
26;96;72
17;61;60
21;97;69
17;92;68
17;93;69
18;64;62
21;90;71
17;98;70
28;87;68
15;83;68
19;98;70
17;78;65
29;84;73
21;79;66
26;97;71
11;63;62
22;80;68
25;87;70
20;92;68
26;83;71
17;96;70
28;98;72
34;63;69
18;76;63
17;61;62
29;73;68
29;81;70
17;96;69
17;94;68
18;65;65
12;64;59
14;84;66
14;81;64
15;71;63
20;96;72
21;97;67
29;76;94
14;96;70
26;75;66
19;89;69
20;79;64
24;65;63
13;97;71
22;78;65
21;89;68
23;75;64
22;61;64
35;64;66
16;80;68
17;88;67
16;73;66
17;88;68
16;88;66
27;88;71
29;80;71
17;97;68
15;80;64
23;78;67
17;68;64
24;72;68
21;62;62
11;85;64
29;70;70
31;72;68
16;91;69
18;73;65
22;70;67
22;67;65
24;91;71
32;65;65
19;78;66
15;80;65
12;87;65
16;85;68
20;92;68
31;62;67
17;72;65
21;71;66
20;66;63
27;72;70
35;72;72
17;81;67
17;87;67
26;75;66
24;89;66
31;73;69
24;72;62
18;82;66
24;61;64
27;63;67
25;77;71
23;98;73
26;89;68
27;64;66
28;94;75
24;89;72
19;84;68
21;93;68
27;76;69
15;69;63
22;80;70
18;82;66
20;82;66
28;83;72
21;98;71
20;96;72
12;95;69
24;92;71
24;98;69
33;64;68
18;71;61
21;80;68
21;94;72
29;80;70
19;90;73
22;66;67
24;70;65
21;89;68
17;67;65
21;74;97
26;71;66
14;74;67
21;88;70
16;75;66
27;82;69
11;64;62
17;92;68
22;75;67
29;86;68
20;89;69
17;68;62
31;95;75
11;85;65
7;77;63
23;67;66
17;98;71
14;90;66
24;68;66
21;74;66
17;92;71
12;88;68
25;91;71
24;78;68
19;89;68
31;75;68
14;68;62
11;85;65
16;99;71
20;72;63
21;78;68
19;87;69
22;82;69
12;94;71
29;90;71
20;62;62
27;100;70
22;90;70
23;95;73
23;86;71
23;94;69
24;64;66
28;74;65
21;95;71
24;68;68
19;63;64
29;92;71
16;93;67
31;67;66
20;94;71
11;87;62
21;81;67
16;93;67
25;77;66
16;68;64
17;71;62
9;80;65
17;81;63
5;92;64
10;92;65
25;83;68
25;91;72
23;68;64
14;62;62
20;95;69
20;63;64
13;70;61
29;88;72
25;76;66
19;95;69
20;72;65
21;60;64
8;72;62
19;83;66
16;75;62
14;81;66
18;95;70
31;96;75
24;71;67
17;78;66
23;82;71
28;98;75
26;100;72
20;69;64
16;89;65
24;75;67
22;60;63
25;60;62
24;78;69
26;80;70
17;61;63
28;87;71
21;72;63
32;82;71
16;72;63
30;67;68
21;76;65
16;69;66
17;81;66
18;68;66
23;80;65
23;66;66
17;87;67
20;90;68
33;64;68
30;79;69
23;63;64
20;84;67
21;71;63
24;81;67
14;81;64
18;97;66
10;82;65
22;83;68
24;76;66
17;98;71
29;91;74
13;71;65
11;94;68
21;77;68
26;93;72
30;93;74
17;68;61
26;88;65
20;72;63
19;72;66
25;72;66
24;89;73
11;69;63
29;60;68
28;89;73
16;67;63
22;64;65
23;70;66
22;75;65
17;79;66
16;62;65
20;99;70
27;89;70
23;73;68
18;73;64
25;78;68
3;85;62
27;66;68
10;68;61
18;94;69
13;70;65
12;75;65
27;95;72
17;87;70
22;74;65
20;87;69
23;61;65
20;89;69
12;79;65
26;93;72
17;98;70
11;97;64
17;96;67
29;80;69
25;74;70
18;79;65
18;88;69
18;95;74
32;68;66
22;97;72
23;93;67
26;99;75
21;95;70
18;71;63
19;64;65
20;64;64
20;72;65
24;85;70
20;92;67
24;96;67
20;85;68
20;60;65
8;67;61
25;64;63
22;75;80
26;80;69
3;62;55
33;74;70
19;67;65
27;86;68
14;79;64
24;80;69
14;77;89
16;98;67
31;69;92
19;81;67
21;89;70
25;82;68
23;97;70
21;75;67
22;79;69
34;64;67
20;84;69
21;72;63
26;66;69
27;82;66
27;81;68
24;63;69
13;88;66
30;85;72
13;68;62
22;79;67
15;89;67
20;81;67
22;76;65
22;73;67
23;84;66
30;98;70
23;87;71
19;63;64
26;78;69
27;96;72
13;64;60
24;100;71
24;98;71
18;63;66
28;97;74
19;75;64
21;94;68
19;77;66
20;78;65
13;85;64
11;91;65
30;61;69
15;84;68
14;67;62
7;74;63
16;74;65
12;79;62
30;73;67
26;64;64
16;66;61
34;61;65
26;79;67
18;98;70
5;65;59
34;98;75
12;89;67
10;85;64
26;86;72
35;93;76
28;64;69
23;80;65
24;88;72
25;83;69
25;93;71
22;63;64
21;88;74
20;81;68
15;75;66
18;74;65
10;85;67
19;96;69
14;80;66
13;93;69
21;76;67
28;64;64
26;62;67
11;62;61
14;75;61
26;73;68
14;89;66
19;90;66
23;62;68
14;69;63
21;71;66
12;82;66
16;66;66
22;65;65
10;98;69
23;92;71
20;67;66
23;76;66
21;74;65
28;92;71
21;80;69
17;65;61
21;90;70
23;76;70
20;71;65
20;75;64
16;80;68
16;74;63
12;70;63
30;76;71
13;61;58
16;91;68
16;67;65
25;62;65
18;86;68
27;91;69
16;93;71
22;80;65
15;68;64
33;89;75
13;88;67
22;70;68
24;96;72
22;64;67
19;99;72
19;94;69
20;88;68
19;98;70
26;89;69
33;68;67
17;78;63
12;63;61
19;76;66
35;90;73
15;75;67
30;73;72
30;84;69
17;95;69
23;62;63
30;75;67
18;66;63
19;88;66
17;64;62
14;87;68
16;71;65
13;68;59
20;97;72
15;61;63
21;78;68
11;61;61
22;79;65
25;80;68
8;73;61
22;65;63
27;75;67
13;87;66
30;91;75
23;81;68
16;84;65
20;68;64
23;71;67
20;66;64
23;70;67
14;69;63
21;81;67
12;83;65
19;98;70
15;68;62
16;86;69
27;93;70
27;82;68
24;70;68
13;71;64
18;62;63
27;72;68
21;90;67
34;62;68
22;69;66
21;88;67
18;91;69
21;78;68
19;88;70
24;76;68
26;66;66
15;76;67
12;83;65
9;98;67
23;63;63
13;80;64
7;73;64
22;80;66
35;61;68
20;73;67
25;93;72
20;82;67
19;78;66
26;71;66
18;72;67
22;75;65
22;93;70
16;99;69
26;78;69
19;76;66
15;94;66
23;77;67
15;82;67
20;69;67
20;90;72
27;81;68
23;92;70
20;91;69
25;69;65
28;89;72
23;92;69
20;74;68
12;67;62
14;60;60
18;78;67
16;74;67
19;82;67
20;68;63
23;94;71
20;70;66
23;69;65
20;79;69
8;80;63
14;69;64
19;71;67
13;67;62
24;89;68
29;91;71
27;78;66
19;89;69
29;89;71
21;66;66
18;99;72
16;93;70
18;68;65
18;67;64
21;65;63
21;66;63
20;90;66
23;79;68
27;91;74
26;90;71
11;84;67
5;87;66
26;61;67
12;72;62
19;86;68
13;60;62
9;61;82
23;94;70
25;87;72
17;71;64
4;88;66
17;92;68
22;72;64
11;61;61
21;97;69
20;74;68
23;64;64
21;80;67
14;91;67
27;69;65
19;71;68
20;70;67
14;100;67
17;68;64
15;83;70
19;97;69
30;66;66
12;99;69
10;98;66
29;95;73
19;69;66
16;85;69
26;90;70
16;99;71
31;67;70
24;91;69
17;74;63
33;67;71
16;77;67
24;92;73
22;79;68
28;82;69
29;100;76
20;76;68
15;85;65
23;75;66
16;76;65
32;88;69
21;98;71
18;82;66
21;91;69
12;64;59
14;68;65
27;80;72
16;61;60
14;70;64
23;81;69
27;61;70
24;71;67
26;81;67
15;83;64
11;97;68
29;86;72
18;77;65
18;97;70
28;91;75
23;68;65
23;65;63
33;87;71
16;82;66
26;92;69
20;90;68
22;85;71
29;99;77
23;81;70
23;65;66
26;93;73
18;70;62
15;91;65
14;98;71
8;88;66
32;84;72
13;78;64
19;75;63
18;74;63
22;85;72
25;90;71
25;87;72
17;68;65
19;80;67
22;92;68
19;79;66
30;81;72
23;91;71
24;86;70
24;76;68
27;96;72
21;67;66
12;100;69
22;65;65
16;61;62
17;96;69
24;70;65
27;89;69
20;92;69
22;94;73
30;100;75
21;72;70
36;88;74
23;65;65
9;76;63
25;94;74
22;75;67
28;84;71
24;80;68
19;86;69
13;99;71
19;62;66
15;83;65
17;95;66
24;79;65
30;63;67
22;82;70
13;73;63
23;66;64
27;94;71
16;81;68
19;97;72
20;92;71
15;88;64
24;60;64
19;77;66
23;68;68
15;96;68
17;67;65
24;71;67
18;81;64
30;71;70
18;68;65
21;84;65
26;64;68
11;62;61
9;75;63
11;89;65
28;82;69
17;77;64
35;83;69
17;75;67
21;97;74
29;62;66
32;87;72
32;96;73
27;92;73
26;67;63
24;72;69
25;89;71
17;63;63
15;92;69
20;89;72
19;89;68
17;64;62
24;89;68
26;87;71
21;93;67
29;62;65
13;61;60
19;75;68
16;66;59
9;82;64
20;97;71
19;76;68
29;94;70
24;60;62
14;67;62
31;61;68
27;73;68
23;96;74
19;64;61
14;84;67
18;78;65
27;98;101
31;65;65
29;68;67
17;61;61
13;77;64
21;71;64
9;95;67
22;84;69
19;85;69
17;81;67
10;64;62
23;78;66
17;100;72
13;93;67
3;96;66
20;93;67
31;64;67
30;69;68
17;60;63
16;72;62
23;64;65
14;79;65
22;87;70
25;95;73
27;90;73
19;98;68
19;62;63
15;60;62
15;86;69
19;72;66
22;70;68
25;73;67
15;71;65
29;80;70
18;78;64
20;80;65
16;87;67
5;75;62
25;70;66
24;67;68
18;74;64
20;90;69
23;90;69
11;87;67
17;69;61
25;84;70
12;83;65
22;79;66
12;82;66
23;80;69
20;83;67
10;89;71
27;64;68
16;90;67
15;65;63
21;63;64
27;99;73
14;98;69
20;62;65
23;78;70
24;67;67
21;79;67
18;93;70
15;98;69
21;85;68
14;74;66
2;84;62
23;72;67
25;96;71
6;95;68
14;82;66
24;73;64
32;72;71
20;61;61
16;93;67
19;78;65
28;73;66
16;79;68
15;93;66
17;65;63
14;94;66
21;96;73
30;98;88
22;76;67
18;69;69
18;75;67
11;73;64
25;67;64
20;84;65
19;79;68
39;95;77
22;61;63
15;86;69
17;91;69
27;90;70
21;95;73
11;89;66
26;97;71
16;73;66
31;80;71
26;61;66
17;60;63
28;70;70
20;64;66
25;70;66
23;67;66
15;61;62
16;96;69
26;60;63
18;89;68
18;66;64
14;96;69
23;96;71
32;86;71
14;87;66
20;60;63
28;99;72
20;95;70
23;96;71
14;86;65
23;74;65
19;96;67
26;72;68
27;83;70
36;64;70
23;97;72
22;66;65
21;69;65
18;82;71
22;91;74
18;85;64
21;69;64
28;60;65
14;90;67
27;99;73
28;92;72
19;78;65
7;96;67
16;76;66
28;81;70
20;79;66
14;78;66
17;91;68
25;81;68
23;73;67
19;70;65
18;62;64
18;83;70
14;69;63
30;66;65
18;86;67
27;87;71
29;90;73
26;80;67
17;96;72
22;97;71
20;92;72
15;85;68
22;72;65
13;99;68
27;71;67
17;68;66
21;78;64
22;62;65
18;99;69
24;84;68
17;82;69
25;86;70
12;80;65
21;61;63
32;84;71
14;89;68
16;77;70
23;90;72
21;69;64
22;69;64
23;66;66
24;75;69
27;94;71
22;93;69
19;75;67
24;84;66
31;89;71
19;70;63
14;67;62
27;99;73
19;85;66
7;99;72
25;74;67
17;88;65
19;69;66
22;70;68
21;80;69
24;73;68
17;67;61
23;71;68
18;61;64
24;88;67
24;80;68
14;64;61
27;67;66
17;64;64
25;85;67
22;64;64
31;90;72
19;61;62
18;70;63
20;96;70
18;89;69
25;63;64
10;93;66
14;80;67
14;94;71
26;84;70
30;87;69
19;100;68
19;69;64
20;85;70
27;78;69
14;62;63
21;61;60
26;65;65
23;86;67
21;83;66
26;82;68
4;61;58
24;79;67
16;97;68
9;76;62
23;85;69
28;91;73
19;91;66
26;81;67
30;94;71
28;76;66
30;96;74
24;70;67
20;71;68
10;62;61
19;92;69
15;77;65
33;69;71
19;69;61
21;96;70
23;93;70
20;82;69
30;85;70
16;79;67
21;76;63
16;97;70
12;65;61
16;77;64
20;74;65
17;80;65
16;78;66
12;81;66
20;66;63
11;81;66
25;70;64
20;67;65
11;63;62
18;91;71
15;77;63
22;85;70
28;89;70
9;87;65
21;79;66
19;76;66
24;75;68
21;86;68
15;80;69
18;94;71
15;95;69
26;67;68
20;65;67
31;85;72
20;72;68
16;61;60
11;96;68
9;69;65
10;97;67
22;89;70
23;91;70
11;68;61
25;69;68
17;81;67
21;67;62
30;72;66
25;73;69
18;66;66
15;68;64
7;92;66
16;67;63
19;61;62
14;85;65
19;99;68
20;73;65
19;65;63
16;83;68
21;96;72
23;91;69
13;85;66
28;73;68
19;82;64
20;64;61
24;87;67
21;89;68
26;99;74
22;70;67
16;61;64
22;82;69
13;88;63
21;92;67
20;68;65
19;70;67
19;81;68
9;73;62
17;94;70
21;79;67
21;92;89
14;83;65
28;91;69
15;73;64
26;93;74
23;71;64
16;82;64
31;69;67
13;79;63
26;73;68
26;71;66
16;99;68
28;66;68
18;91;69
22;99;71
22;61;65
19;88;67
25;70;65
25;62;65
10;76;80
28;97;74
10;60;59
26;84;69
27;80;66
13;95;66
18;63;65
13;87;67
19;87;69
18;87;68
25;98;73
28;93;71
28;62;67
17;79;67
19;76;66
10;72;63
15;78;65
26;75;67
30;77;69
13;99;67
16;64;66
20;97;74
22;79;69
15;85;66
23;93;69
17;74;63
20;77;65
23;76;64
20;75;64
17;97;69
19;93;73
19;64;62
18;64;62
18;77;68
30;64;66
23;85;68
18;66;66
24;81;69
18;60;62
27;73;68
22;87;67
19;79;65
23;99;69
11;95;67
13;74;64
13;62;62
21;94;71
30;96;72
33;93;74
24;65;66
23;100;72
9;70;65
17;89;67
15;96;70
16;69;62
19;96;66
17;72;65
8;99;70
24;71;69
14;98;70
21;62;66
32;88;73
14;81;69
5;79;66
18;69;65
27;88;70
32;68;70
13;82;67
23;70;68
17;98;68
19;61;61
36;68;70
11;70;65
22;77;66
23;69;67
27;80;69
21;95;69
22;88;67
18;83;66
22;64;63
18;88;67
24;67;64
18;91;68
22;70;65
20;77;65
27;74;65
20;94;70
9;65;62
28;83;68
15;66;62
16;88;68
16;96;72
28;77;70
7;80;62
39;97;79
26;81;73
21;80;68
20;83;68
22;88;69
23;64;63
24;93;74
23;77;69
21;63;61
19;91;69
19;75;64
19;64;63
27;85;68
24;95;72
2;96;65
24;98;69
21;95;70
20;60;63
18;75;62
27;93;72
26;75;69
15;84;66
22;84;71
14;75;62
12;96;68
16;80;63
25;79;66
26;100;75
23;80;69
24;67;68
23;81;69
16;93;67
23;91;73
25;92;71
25;88;71
27;70;68
24;94;70
22;96;71
26;68;69
20;65;63
15;99;71
19;95;69
16;96;71
16;95;68
19;82;68
15;86;66
18;82;67
9;62;59
21;90;66
20;80;64
15;86;64
24;80;69
26;80;69
10;67;61
15;71;62
15;66;61
14;68;63
25;99;71
19;66;65
18;71;68
8;84;67
24;84;70
13;66;64
20;92;71
22;91;71
28;69;67
12;72;63
2;98;66
21;93;70
31;88;70
27;63;67
21;77;69
17;82;66
25;67;67
14;78;65
23;84;72
23;73;68
26;91;72
37;94;76
22;73;65
17;94;68
20;64;65
9;94;66
16;66;63
18;63;63
17;86;66
21;79;69
15;96;72
27;75;66
20;71;64
20;80;67
18;78;67
21;74;66
25;88;68
15;90;65
16;94;71
18;99;71
12;71;62
15;89;69
17;76;65
25;87;70
22;79;66
21;100;70
25;89;70
19;98;69
22;93;71
19;96;69
22;93;73
17;78;65
5;70;62
19;75;67
29;61;65
26;81;65
26;80;70
27;81;70
21;99;71
21;96;71
16;66;62
18;75;65
24;77;84
27;74;68
19;92;70
17;81;68
20;83;67
24;94;69
11;92;68
6;65;59
17;89;67
13;77;63
17;72;65
19;62;63
17;79;64
29;74;72
22;70;63
22;88;66
24;91;67
13;70;66
26;62;66
20;94;68
24;60;66
14;97;68
11;85;65
25;73;67
22;70;64
15;60;59
15;69;60
27;66;65
13;84;64
30;67;66
15;81;65
24;84;69
18;72;66
24;61;65
17;61;62
19;61;60
20;90;68
14;73;64
24;92;73
17;77;64
19;78;69
14;81;63
5;89;65
19;71;65
34;65;67
25;82;67
20;73;66
18;78;68
20;86;65
23;80;66
13;85;66
27;82;69
24;90;70
24;88;71
23;81;70
20;87;68
24;95;73
24;77;68
18;77;66
17;91;67
21;83;66
29;63;69
13;96;67
11;61;61
21;90;70
20;90;70
21;98;70
21;62;64
19;84;65
29;77;70
10;73;62
15;64;64
19;83;67
10;79;63
19;64;62
30;84;72
20;90;69
21;91;72
12;96;68
16;76;64
18;98;72
18;95;73
28;72;67
23;66;64
13;77;65
21;76;67
23;83;68
27;83;72
29;90;71
14;80;66
15;64;59
12;94;68
19;72;64
23;99;70
26;65;65
20;98;72
18;64;66
21;69;68
15;62;62
33;88;70
10;94;70
21;77;64
32;97;76
20;84;67
19;85;69
18;94;68
19;72;67
28;74;69
7;96;67
29;96;73
11;99;71
18;96;70
17;65;65
24;93;73
10;76;65
23;100;73
32;79;70
12;82;66
21;81;66
16;73;64
23;63;68
20;96;70
16;92;72
23;66;66
31;91;74
19;85;67
24;76;71
12;70;60
14;94;68
23;88;69
29;82;74
22;84;71
18;64;63
20;79;66
12;68;65
24;68;60
25;86;69
17;96;69
17;76;67
22;68;65
17;86;70
20;95;71
33;90;73
19;95;70
18;81;67
16;90;67
24;66;65
19;74;69
16;76;65
28;80;68
29;97;74
16;95;68
9;65;61
26;67;67
16;74;66
25;72;69
8;85;62
25;96;71
13;98;71
24;86;72
20;94;69
14;81;67
18;68;63
24;81;68
21;82;69
24;90;65
32;69;70
11;75;65
30;75;67
21;98;72
15;78;69
12;90;69
19;90;71
26;71;67
19;83;65
29;96;70
11;79;63
20;98;71
12;69;64
22;63;69
25;96;69
17;94;70
4;100;64
21;87;70
23;97;74
22;93;69
27;94;73
14;83;66
24;75;67
27;97;76
9;77;61
22;82;68
17;78;63
20;83;67
22;79;66
17;62;62
16;95;69
20;78;67
13;84;66
13;66;63
24;60;64
13;70;64
24;88;67
23;64;66
10;96;68
16;69;62
27;68;68
14;67;63
17;61;62
23;91;72
25;95;69
18;85;67
16;68;65
29;71;69
30;79;72
26;98;70
21;70;91
15;89;65
15;78;62
23;72;65
23;78;67
28;63;67
24;92;72
11;70;60
26;89;69
14;63;61
18;98;70
22;68;68
32;95;75
39;92;75
24;99;72
19;79;66
23;89;71
25;75;70
18;67;63
31;78;72
21;67;65
23;99;71
24;64;65
23;84;69
25;85;71
16;82;68
17;86;66
13;65;60
23;82;68
25;71;67
23;98;71
30;90;74
20;99;70
24;62;63
13;71;64
18;68;66
24;60;64
25;70;69
18;87;71
20;69;64
11;80;65
18;96;69
25;88;68
23;76;68
23;75;68
20;78;65
20;67;65
16;85;66
24;75;66
23;94;71
23;90;68
17;84;65
7;75;63
27;68;66
17;91;71
15;79;65
24;69;68
18;68;66
26;67;64
24;91;70
24;69;70
12;81;66
27;78;70
22;83;71
18;95;70
21;95;70
9;78;66
22;61;64
14;77;66
12;84;68
11;82;61
27;86;72
16;66;66
29;86;68
17;67;61
10;90;67
13;74;66
27;88;74
19;62;66
17;76;67
21;88;71
23;69;66
27;92;71
29;85;72
18;84;66
12;74;62
18;79;66
22;84;69
14;79;64
14;88;69
22;77;69
20;68;64
20;69;68
15;60;63
19;72;64
14;90;69
25;92;71
26;68;67
9;98;67
14;80;66
11;97;67
16;88;68
19;89;69
11;63;62
14;69;66
14;60;63
21;89;67
20;74;68
16;91;66
21;74;66
17;93;67
18;65;66
30;67;69
28;74;72
12;76;60
25;74;68
25;91;72
13;64;64
25;74;65
29;93;76
13;63;59
14;98;67
26;99;73
22;64;64
23;72;67
22;75;69
22;91;69
12;84;67
26;86;72
27;90;86
19;65;62
20;93;69
11;88;68
23;83;99
23;96;70
20;88;68
27;68;67
18;77;66
23;80;66
14;62;62
20;98;72
19;65;64
21;88;68
18;80;66
19;61;68
25;97;75
17;94;67
10;81;65
30;69;68
28;65;67
12;75;63
24;70;67
17;80;67
22;99;73
22;83;67
19;96;71
15;86;67
16;79;68
15;94;68
15;79;66
20;95;68
16;72;63
24;65;68
29;94;74
17;83;65
21;96;69
23;98;70
23;62;65
20;80;68
24;75;65
23;85;68
13;92;68
25;71;66
25;82;70
15;88;66
20;65;64
24;93;70
19;84;68
26;98;74
34;74;71
15;64;61
12;80;64
22;63;64
24;99;73
19;62;62
29;90;71
12;81;68
24;75;67
16;63;63
30;85;71
32;83;72
15;71;66
17;96;67
25;72;66
18;78;68
20;82;64
20;64;65
8;97;66
20;75;69
16;63;64
17;75;65
29;84;72
12;81;65
25;88;70
18;62;64
18;71;62
25;93;69
22;63;62
23;94;69
26;64;66
18;93;71
16;74;66
13;84;64
15;66;63
38;63;69
27;69;68
12;65;63
12;72;64
23;81;66
23;84;71
23;92;72
18;86;88
19;84;66
22;76;65
21;79;66
7;77;62
19;94;68
15;69;65
21;60;62
38;86;74
22;68;64
18;96;72
26;94;70
23;63;65
23;64;66
24;80;67
32;84;73
13;71;65
23;89;74
14;84;66
23;73;67
14;61;58
17;90;71
18;69;63
26;93;73
26;77;68
13;83;66
20;95;68
16;95;66
12;75;62
19;68;78
18;91;68
35;77;77
23;68;65
12;96;73
17;68;64
26;61;67
33;61;69
10;85;60
9;86;66
31;72;70
22;73;66
15;74;64
23;87;70
4;62;58
20;97;69
22;69;64
26;100;72
14;67;60
21;91;70
14;69;62
22;63;66
15;95;66
18;94;65
14;76;64
24;88;72
25;82;71
19;94;68
20;73;68
11;81;64
18;79;65
20;74;64
36;96;75
13;67;61
29;66;68
26;83;70
22;86;71
31;68;66
22;76;66
22;98;70
20;70;62
27;87;72
27;90;72
16;78;63
12;98;69
19;89;68
15;78;67
20;83;71
27;88;67
17;84;62
20;95;69
20;74;67
25;72;71
7;69;87
16;62;62
21;62;64
27;95;74
17;87;69
9;86;65
24;85;66
16;94;70
13;79;68
16;95;70
19;74;68
16;97;69
7;88;66
25;70;65
28;83;71
24;81;66
13;66;61
19;84;69
20;73;65
24;62;63
24;98;73
16;86;68
20;95;70
23;87;72
29;74;68
24;81;68
25;87;71
21;98;68
28;70;70
22;95;70
15;97;69
28;87;73
24;97;72
17;76;67
17;98;69
22;88;68
23;62;64
21;96;71
22;79;68
30;78;70
26;83;72
21;66;65
26;79;70
14;93;69
22;61;64
31;71;67
19;60;65
15;77;62
16;89;68
13;92;68
15;98;68
18;84;68
12;70;62
20;97;72
25;91;69
15;83;68
29;88;71
23;97;69
26;88;71
16;75;65
25;89;68
13;62;60
25;75;68
21;76;66
23;67;66
13;61;62
15;65;61
24;86;69
14;92;69
23;100;74
12;74;62
25;84;67
13;97;69
23;67;66
24;89;72
16;90;69
23;64;65
22;94;72
17;93;69
14;61;60
8;64;61
22;62;63
11;73;63
21;80;68
18;81;68
24;71;65
18;96;71
18;75;64
24;62;65
22;72;67
22;81;67
23;76;67
11;71;87
25;65;67
24;93;72
14;100;69
19;73;65
20;75;66
19;85;70
22;89;71
29;76;67
26;96;72
12;82;63
24;78;67
28;86;72
22;98;72
27;92;70
32;62;67
26;73;68
21;79;67
26;73;70
21;88;67
20;93;71
18;89;69
29;100;74
15;71;63
29;95;72
23;91;71
12;74;64
22;89;69
7;64;62
24;92;69
25;81;68
16;72;67
21;86;71
32;86;70
17;68;63
14;61;60
29;77;69
32;83;71
20;95;69
26;97;73
28;81;73
16;90;68
17;78;67
27;90;74
30;68;68
23;75;69
15;85;69
32;61;68
17;89;66
18;93;69
22;76;66
29;78;72
25;94;69
22;91;68
23;72;66
20;73;65
23;87;71
5;83;61
18;66;63
21;72;66
13;96;69
22;88;71
19;99;73
31;91;72
29;98;73
17;69;65
19;91;71
20;61;65
17;87;67
21;79;69
15;74;63
13;94;68
24;94;70
24;61;64
15;84;64
25;75;68
16;77;65
22;93;70
25;72;66
20;98;70
23;67;66
17;87;69
19;87;69
19;70;64
16;73;64
19;93;69
11;90;67
17;73;63
18;81;67
18;62;65
19;68;64
20;79;68
23;63;64
25;94;70
16;89;70
13;98;67
14;88;69
17;98;70
18;82;69
15;84;65
12;99;66
17;86;70
21;61;63
24;89;69
17;96;74
18;92;70
14;83;66
20;87;68
15;100;67
23;64;66
9;87;65
18;71;66
22;86;69
21;84;67
36;66;69
22;68;66
14;85;64
19;65;61
9;71;61
20;93;70
15;73;65
25;80;67
17;98;69
19;69;63
16;76;66
30;84;73
18;90;68
31;96;74
25;97;70
23;91;68
22;69;67
22;61;65
8;75;66
18;66;64
25;88;72
20;86;70
12;62;60
20;93;68
30;70;71
27;77;68
20;87;67
26;77;70
18;78;65
10;63;60
14;76;65
29;91;70
18;97;69
19;77;64
18;77;67
31;88;73
30;98;74
33;71;67
19;78;66
22;92;69
11;84;64
29;64;69
13;85;66
21;67;65
13;80;67
16;81;67
15;95;68
16;78;65
17;71;66
17;69;65
25;95;71
13;67;63
21;77;70
27;67;70
17;91;67
16;79;68
19;74;63
27;74;70
21;94;69
17;82;66
23;89;70
13;96;68
24;96;70
22;73;67
18;98;69
15;61;64
15;75;62
23;96;71
27;71;69
16;71;62
23;72;66
7;84;64
16;78;66
20;89;72
15;96;71
14;87;65
16;68;65
22;97;70
19;71;68
7;66;57
7;64;59
16;83;64
23;65;67
4;66;60
17;72;67
17;71;65
28;84;71
18;93;67
22;90;69
21;70;68
7;70;59
25;99;75
21;60;59
23;95;71
44;68;71
7;98;66
30;74;69
18;78;65
22;88;68
20;84;68
17;73;67
17;82;68
22;89;68
11;62;88
25;60;66
18;78;67
13;65;63
17;87;68
28;69;65
17;77;67
22;68;67
16;82;67
25;65;64
24;61;61
31;62;65
19;98;70
24;66;67
21;88;68
28;63;65
16;64;63
24;80;72
19;79;68
20;98;73
21;98;71
22;91;70
19;84;68
21;78;68
29;74;68
26;98;71
25;84;70
17;83;67
15;69;61
26;62;64
25;98;72
29;73;67
16;78;65
19;65;64
10;93;66
18;61;62
26;93;70
17;66;64
24;95;70
19;89;66
22;67;62
13;83;63
21;73;66
2;67;58
19;94;70
10;76;63
27;76;70
25;67;65
23;75;67
29;95;73
14;75;82
30;98;71
26;98;73
19;66;65
27;67;67
13;95;67
15;76;69
16;60;61
17;71;64
14;84;64
27;92;68
18;65;62
22;64;66
17;97;70
9;90;67
22;84;70
9;91;65
20;77;65
12;90;70
32;75;72
25;70;65
21;89;71
28;77;71
15;99;72
23;74;64
21;97;72
22;97;71
28;70;66
24;92;71
22;77;67
10;97;69
14;78;67
19;90;71
21;79;66
13;69;62
34;68;67
29;77;70
24;90;72
20;84;69
19;88;70
14;71;64
20;79;65
22;62;66
13;93;68
22;100;72
19;76;65
9;60;60
15;67;63
18;86;66
31;84;73
23;92;71
12;70;59
23;91;70
11;88;63
26;73;67
17;82;65
19;66;64
28;78;71
12;95;70
12;77;63
16;94;68
26;84;67
11;68;66
3;83;63
17;80;65
23;76;66
27;65;65
17;77;65
18;63;63
27;64;65
9;77;62
18;72;66
21;97;71
23;75;64
17;90;67
20;81;68
5;88;63
16;70;64
23;98;74
14;81;68
20;93;68
23;75;69
18;64;61
21;87;69
14;60;61
19;79;67
24;68;63
21;85;68
16;99;68
21;79;67
24;93;69
8;80;64
27;80;67
18;97;70
23;96;72
27;91;71
12;72;62
16;82;67
18;69;64
15;78;64
30;79;70
15;93;68
17;96;70
21;77;65
13;61;59
18;94;69
22;67;67
18;85;68
19;61;62
17;76;65
11;99;69
22;64;65
31;77;68
20;72;68
21;96;71
24;95;71
12;70;66
30;63;71
21;85;66
30;73;66
16;87;69
31;61;65
25;65;66
23;87;67
21;68;66
19;94;69
27;62;66
21;69;64
8;100;70
13;77;62
19;88;67
22;67;60
20;84;66
27;89;72
8;73;63
21;93;69
9;84;66
25;76;69
19;82;68
23;83;66
15;67;63
28;76;70
26;74;68
24;76;68
19;90;67
23;79;67
16;98;69
25;72;68
30;77;67
26;91;70
16;82;70
22;82;66
12;62;61
23;76;68
23;71;64
9;100;66
13;72;65
18;95;73
18;87;66
13;74;65
22;82;68
22;94;69
19;95;72
15;66;63
26;74;65
30;73;69
17;62;62
16;84;66
23;94;69
18;75;67
19;90;94
24;85;71
9;75;61
28;66;68
20;88;66
18;94;71
19;87;66
20;61;60
10;69;60
29;63;66
20;83;67
23;90;67
26;64;64
14;94;66
23;82;68
18;88;70
25;99;75
7;63;86
19;96;73
16;65;61
23;76;68
23;94;70
16;96;71
16;80;71
19;84;68
15;88;70
25;93;70
18;65;62
3;92;67
18;79;68
14;78;68
10;77;64
13;80;68
21;98;69
28;82;70
22;98;73
16;67;66
23;89;68
17;92;68
16;87;65
13;84;66
9;83;62
18;94;67
21;93;73
19;65;65
18;94;70
14;77;68
24;70;67
12;95;66
25;77;65
14;92;66
15;71;66
11;60;60
17;80;66
26;64;68
23;90;72
26;71;68
23;78;67
13;63;62
18;71;66
15;91;69
28;66;64
13;86;63
25;97;74
25;87;72
31;92;71
18;64;64
24;70;65
34;96;75
16;89;69
11;86;65
9;87;60
24;77;69
9;62;65
18;91;67
23;87;70
21;79;66
23;96;69
21;73;69
28;72;68
14;95;70
16;92;66
15;81;65
25;65;65
25;69;65
23;86;69
27;75;69
13;93;65
30;98;76
29;92;72
24;75;67
31;92;74
10;74;66
17;67;66
16;61;66
24;75;71
14;96;66
25;70;65
28;68;69
24;99;69
22;61;63
14;91;68
15;73;64
27;61;64
25;97;73
20;66;66
17;82;67
8;71;63
14;63;61
31;62;71
12;65;61
21;63;62
26;90;74
12;79;65
21;74;64
26;77;66
20;97;72
37;96;76
10;89;67
26;95;71
19;73;65
25;75;68
23;85;68
16;85;67
21;79;64
9;76;60
24;99;70
22;93;73
24;77;69
26;89;70
22;71;64
21;64;64
15;74;65
16;76;62
27;61;64
29;93;72
19;74;64
20;83;67
15;63;64
27;67;61
24;96;72
32;84;70
15;98;70
18;100;71
21;75;68
24;72;68
19;94;70
15;100;73
25;85;69
24;92;71
15;91;64
28;74;68
27;83;69
21;93;70
20;88;67
23;61;66
15;73;65
20;66;66
7;69;61
25;96;71
11;61;60
29;69;66
18;72;61
19;85;68
16;81;68
18;69;65
29;67;65
5;69;60
28;80;67
22;71;65
13;98;70
14;79;64
30;62;68
14;89;69
13;73;65
27;86;71
22;71;65
14;83;65
21;91;68
14;97;66
27;70;65
26;73;71
23;79;68
22;97;70
31;96;74
20;64;62
13;65;61
23;80;70
33;64;65
14;74;62
18;66;65
22;85;68
20;98;70
14;100;68
27;75;69
34;84;73
21;94;71
15;65;63
11;88;66
22;76;67
27;68;64
23;76;66
20;63;69
16;88;72
13;70;63
25;72;67
25;65;64
11;95;68
30;80;71
23;83;67
28;83;67
12;76;64
12;68;63
19;90;72
23;65;63
31;64;67
24;88;68
19;68;64
14;72;65
27;79;68
14;78;66
30;88;73
18;85;68
30;86;72
24;89;70
19;72;66
17;73;66
18;78;66
23;72;65
20;99;71
16;93;66
19;67;63
20;60;63
7;62;58
23;70;68
14;65;61
13;81;65
10;94;67
9;89;67
12;69;62
16;76;86
32;80;71
17;92;70
21;94;71
22;96;71
21;80;70
20;88;67
13;64;60
29;83;73
31;70;67
10;77;62
14;85;67
18;70;65
14;62;61
23;60;61
16;61;60
33;60;68
27;64;65
21;70;67
26;69;67
27;99;74
17;72;64
15;65;64
20;82;67
25;94;74
21;87;69
11;72;62
15;82;66
20;89;69
20;89;68
32;87;74
12;95;68
23;95;73
29;83;70
34;77;69
18;86;68
23;93;71
23;60;64
21;100;71
19;67;65
23;79;68
5;95;67
24;69;67
21;79;67
19;65;63
32;76;68
16;67;66
18;75;67
32;75;68
15;100;72
17;100;70
19;65;62
25;89;69
21;62;61
12;61;58
17;64;63
16;99;71
20;98;70
23;68;64
23;66;63
9;70;63
26;81;71
22;83;65
28;69;68
23;90;70
27;72;68
23;97;69
28;86;70
23;77;67
19;92;69
34;93;73
25;72;68
23;74;67
12;97;67
12;67;64
22;62;63
21;78;67
16;92;70
21;91;71
30;97;74
24;81;70
13;64;59
19;84;64
15;91;67
18;64;63
18;67;66
17;60;62
12;84;65
19;95;73
17;87;70
2;99;62
32;63;68
27;96;74
18;93;96
20;73;66
13;99;69
30;72;70
31;96;73
21;95;69
26;90;71
21;83;65
12;65;62
18;81;69
21;74;65
17;92;68
19;90;65
19;96;72
20;61;67
20;92;68
14;98;68
16;92;66
12;65;62
26;63;65
7;61;60
27;85;70
28;85;68
18;99;72
4;76;63
18;73;63
20;85;67
14;93;68
17;97;69
29;92;75
24;77;67
14;85;69
10;94;65
18;80;65
19;69;63
23;67;65
17;60;58
23;89;70
32;64;66
25;70;63
20;72;62
19;82;69
18;76;66
27;87;68
16;62;62
20;65;64
20;80;65
17;73;64
12;72;65
22;63;65
20;96;70
23;88;71
17;65;65
27;63;67
15;99;68
30;87;73
10;77;64
23;88;71
23;90;70
15;91;68
23;79;68
28;77;68
7;60;59
23;97;74
5;84;62
14;68;64
30;97;76
17;97;70
13;100;69
19;95;69
32;100;74
9;70;62
14;94;70
29;93;71
31;69;68
19;64;66
13;99;67
33;72;71
30;95;74
24;60;65
15;61;60
20;79;69
19;70;65
22;88;69
29;83;70
25;63;65
14;67;57
28;76;68
22;67;67
24;92;70
29;77;68
13;64;62
20;79;67
17;64;66
11;65;60
22;70;65
35;94;75
9;97;67
20;93;71
24;73;63
21;71;67
19;82;68
12;89;65
21;100;72
15;65;61
7;62;60
27;88;72
26;93;72
20;94;70
21;87;67
26;98;71
21;80;66
25;97;72
18;99;70
28;94;71
22;72;64
21;68;66
12;82;64
22;78;67
15;95;67
16;64;64
15;70;61
14;90;99
33;64;67
28;73;72
32;75;66
13;85;68
20;66;64
12;94;69
16;78;65
14;97;66
27;79;73
18;71;63
26;66;66
24;60;65
34;81;71
11;64;58
28;76;68
27;84;69
14;71;63
26;67;66
22;91;69
19;98;69
15;64;63
16;66;65
32;98;76
20;62;67
25;99;70
15;60;60
15;95;68
26;72;68
12;98;70
18;73;68
20;86;69
21;63;62
19;70;64
22;91;71
24;81;68
24;97;72
14;77;64
18;95;73
27;78;69
25;99;70
12;98;69
22;73;64
8;95;66
20;94;69
31;68;68
14;85;65
15;63;62
25;93;75
11;67;60
16;63;63
24;76;66
16;83;67
19;94;68
24;99;72
23;78;66
22;62;63
18;90;71
22;83;67
19;78;66
23;72;66
17;80;68
19;74;66
14;90;68
20;82;68
15;95;68
13;82;66
22;70;66
21;94;70
25;82;68
17;68;65
22;85;70
23;74;66
23;94;68
15;78;64
21;89;69
22;64;65
20;76;69
7;99;66
21;92;68
33;66;70
18;71;65
16;73;65
22;86;68
22;90;67
27;90;72
12;80;70
24;92;72
24;77;71
19;65;64
22;83;69
26;98;73
25;92;70
13;83;68
25;86;71
20;97;71
20;77;66
20;73;68
19;99;70
27;95;72
19;73;66
13;79;65
18;77;66
21;66;65
27;98;72
24;76;68
15;95;68
35;68;67
22;82;68
28;61;67
19;91;69
23;83;65
25;85;70
27;62;64
26;68;66
25;63;64
18;72;66
17;85;67
22;83;68
26;84;71
19;82;67
26;71;69
29;70;67
15;65;61
15;94;68
19;85;67
22;67;64
17;67;63
28;95;72
23;90;69
20;86;66
11;76;64
12;70;61
22;99;71
7;92;63
26;72;65
19;94;71
39;90;78
34;72;73
19;77;65
19;67;66
26;64;66
30;89;74
10;71;62
9;93;66
16;100;71
23;63;67
23;79;69
26;92;72
13;92;72
6;90;65
25;74;71
15;78;64
8;84;61
21;99;69
25;73;65
19;97;69
17;71;64
19;100;69
18;87;68
12;79;63
16;85;66
23;71;65
22;71;66
21;65;67
14;65;62
19;74;66
7;91;68
21;84;68
29;64;63
11;94;66
16;84;65
22;98;72
28;87;70
17;67;63
16;79;65
8;86;65
21;61;66
32;61;68
22;65;64
20;70;66
22;77;68
20;79;64
15;66;62
25;87;67
21;84;67
20;72;65
14;61;59
28;63;66
24;76;68
17;66;63
26;75;68
17;85;68
15;82;66
15;69;63
9;74;61
23;85;68
9;94;66
13;90;69
8;82;64
19;74;68
19;75;66
18;95;68
14;62;62
13;100;68
23;87;69
17;87;70
22;62;65
15;84;68
21;79;67
28;64;64
24;71;63
18;96;67
22;82;66
19;77;67
20;63;63
18;89;69
19;88;70
21;85;70
14;80;65
14;77;64
12;84;67
10;69;61
13;98;70
21;84;68
15;72;64
23;78;68
20;92;68
8;66;63
24;72;65
25;87;69
14;73;63
23;92;69
15;65;61
21;91;69
12;63;62
9;61;58
18;96;71
19;83;69
18;74;68
13;69;61
18;85;67
22;80;68
20;100;72
21;99;71
16;85;67
27;78;68
13;80;64
23;87;73
27;64;65
23;73;67
19;63;63
17;63;63
26;68;69
11;79;68
14;91;68
18;79;69
27;73;73
22;63;66
14;82;68
18;71;65
16;85;67
16;99;70
26;64;66
12;68;64
30;79;69
25;99;71
27;91;68
17;96;68
19;73;66
11;100;70
17;64;65
23;62;63
28;94;70
13;97;67
18;64;63
19;65;64
12;61;60
24;64;62
16;68;65
19;99;69
17;87;68
15;91;66
20;91;72
19;81;68
18;92;69
16;84;65
22;73;65
30;82;70
21;81;67
26;93;73
12;99;70
21;76;66
13;91;68
11;64;61
16;91;70
27;75;66
26;62;67
21;75;69
11;84;64
19;65;65
22;97;75
21;63;63
9;97;69
15;88;68
20;73;66
23;76;66
7;90;66
19;84;68
21;87;65
25;76;70
24;80;68
23;100;70
15;69;61
9;77;61
18;72;64
26;91;71
28;91;72
24;72;66
23;63;63
22;60;62
17;77;65
19;76;66
30;100;72
14;79;68
30;70;70
18;96;70
28;80;73
12;84;67
24;64;65
16;75;65
12;98;65
21;84;70
26;74;66
15;85;65
11;96;68
19;71;66
19;80;65
23;98;71
26;67;65
20;89;70
31;85;69
21;87;71
18;74;67
10;73;64
18;87;82
18;69;66
26;77;66
23;68;65
13;60;61
21;99;72
24;77;70
29;99;71
25;66;84
25;83;72
20;68;67
22;92;72
27;91;70
12;65;62
18;96;71
15;68;62
22;85;68
27;99;74
16;95;68
6;98;64
18;74;65
25;64;66
23;68;68
23;80;67
18;92;67
12;66;63
23;86;71
15;73;63
33;74;66
23;86;67
17;79;66
16;92;70
19;66;64
19;92;71
27;63;68
21;68;64
16;86;66
31;94;72
20;70;66
25;73;70
16;81;66
22;68;68
22;92;70
9;91;64
32;66;71
28;79;72
18;91;71
13;73;63
22;85;68
21;62;63
22;84;66
21;66;63
23;93;72
29;74;70
23;71;65
14;94;67
28;62;66
30;76;69
39;75;73
13;71;66
21;96;70
8;90;68
23;63;65
17;89;67
32;81;71
15;96;70
10;73;61
17;83;69
8;80;63
25;80;67
8;78;65
20;68;63
8;90;67
18;78;66
30;98;72
22;70;68
15;87;67
20;98;72
20;87;66
23;95;73
12;93;71
24;74;65
4;84;65
16;66;65
17;81;68
24;69;70
20;90;68
12;81;62
14;76;66
21;71;65
20;100;71
17;63;61
17;62;63
24;69;67
17;99;70
19;99;73
33;86;72
11;95;69
9;69;61
25;99;71
16;66;64
18;64;61
15;64;63
18;83;65
30;91;73
25;75;68
25;99;72
12;77;62
13;66;63
3;79;58
15;87;68
26;93;74
23;78;68
19;84;67
20;71;65
16;86;63
21;99;71
25;62;62
10;95;66
22;82;65
26;70;66
18;98;71
24;79;68
37;73;72
19;67;66
22;70;66
16;93;67
21;85;71
23;97;72
21;69;64
14;65;60
21;60;64
29;80;70
23;100;72
26;88;68
19;72;62
24;95;68
22;91;72
14;61;60
22;93;72
14;72;65
16;66;63
21;69;66
22;79;65
13;77;65
26;72;67
23;67;65
16;90;67
11;100;66
19;91;71
17;72;64
21;70;61
18;69;65
8;65;61
18;82;64
18;84;69
24;88;71
16;87;70
30;72;70
9;73;62
28;87;73
19;74;66
25;69;66
20;75;66
27;71;66
18;64;65
13;93;67
29;94;76
19;69;66
21;63;63
27;90;71
14;68;63
24;76;67
16;63;63
19;69;66
20;92;72
11;92;70
15;68;62
28;73;69
25;65;66
20;63;64
21;100;70
18;86;67
28;82;71
19;91;69
21;94;70
27;92;70
15;61;61
29;67;65
11;86;67
30;75;70
18;99;67
19;87;68
9;98;69
17;68;65
14;95;68
16;73;67
19;100;70
26;66;68
21;81;69
22;92;70
13;77;67
15;79;70
31;99;74
16;77;63
30;84;72
19;62;62
20;94;71
26;86;68
28;76;72
19;61;64
18;84;64
20;61;63
22;60;66
25;85;71
20;68;70
24;68;67
30;86;73
22;62;64
22;73;65
11;66;62
4;83;64
22;86;67
19;89;74
17;70;63
21;64;64
20;63;64
27;77;70
21;98;71
16;69;63
26;70;66
19;64;65
23;84;70
17;87;65
16;86;68
21;94;72
20;79;67
23;65;65
18;72;66
9;86;67
17;85;65
25;81;68
18;87;68
19;85;69
26;95;71
16;83;64
11;91;65
19;70;64
17;87;67
14;96;70
19;75;66
23;91;70
20;89;70
22;62;64
31;83;71
18;65;63
22;99;72
17;92;72
15;64;61
16;65;63
17;84;67
22;74;67
34;61;65
16;82;64
18;76;69
20;64;65
22;92;71
22;97;70
28;90;98
5;93;65
6;69;63
17;71;61
27;68;67
11;91;64
2;98;65
23;89;73
21;95;69
13;86;67
14;76;63
14;77;67
21;63;66
16;61;64
23;88;68
3;78;61
15;82;66
13;82;65
18;71;65
17;79;67
25;79;68
9;76;63
20;93;70
23;78;68
31;84;69
17;96;67
22;95;69
9;96;65
6;71;61
25;61;65
20;70;67
27;71;66
12;96;69
23;86;71
31;63;68
23;65;65
22;66;64
20;85;68
11;89;64
28;94;71
16;98;70
23;68;68
11;72;63
13;70;61
29;74;66
18;97;75
29;83;71
20;90;69
9;80;62
25;61;65
16;63;61
24;82;69
20;89;66
11;69;64
21;89;69
33;92;78
23;76;68
20;90;70
26;76;68
21;87;68
21;91;69
13;100;68
21;74;80
26;76;67
15;67;64
29;68;64
19;88;68
15;97;67
26;76;65
18;67;66
25;71;67
18;78;64
20;72;66
23;69;63
22;89;71
8;60;62
13;82;64
26;92;72
19;71;65
17;84;67
12;87;65
14;86;63
8;78;65
19;74;67
16;93;67
14;90;65
20;73;64
22;64;64
33;63;69
11;64;60
27;83;70
26;62;66
15;73;66
21;90;68
17;72;62
21;91;70
29;90;72
24;70;64
23;89;71
17;90;67
11;76;64
19;68;64
27;81;72
11;97;66
14;86;68
21;67;95
14;87;64
15;77;64
17;84;68
12;89;67
14;81;67
24;93;71
12;89;63
10;85;66
16;66;65
24;93;68
19;97;68
17;65;62
20;80;67
10;70;65
23;90;71
22;89;71
18;66;61
26;95;70
13;67;60
27;92;70
21;78;67
18;73;66
20;66;63
19;67;65
27;86;75
14;82;66
15;65;61
26;65;65
16;63;61
25;90;73
30;88;73
18;62;63
24;82;67
13;63;62
25;96;71
21;96;70
23;88;70
16;97;69
10;92;66
23;93;72
8;83;63
18;72;65
26;69;71
21;73;66
32;85;69
26;67;62
16;70;66
20;79;66
20;69;64
11;84;63
14;97;68
17;90;68
8;87;67
20;83;67
19;80;68
10;67;65
22;96;74
24;70;85
21;64;64
18;90;67
24;67;68
24;75;67
22;61;65
15;65;63
22;67;64
27;62;62
16;86;68
33;93;75
17;75;63
20;95;68
16;69;63
21;73;68
10;66;62
17;85;67
13;77;66
21;85;65
26;90;69
24;82;70
6;85;64
32;97;75
22;72;66
15;74;62
21;89;70
21;84;68
16;67;66
21;75;65
16;79;68
18;77;68
16;67;62
11;97;66
21;90;68
24;79;69
23;87;67
25;96;74
22;65;61
17;70;64
25;82;69
12;92;66
15;61;61
14;99;71
26;78;71
26;74;69
23;72;66
26;67;64
15;92;68
22;98;71
19;77;66
25;98;94
19;93;68
18;79;66
23;87;70
25;77;68
16;82;65
20;62;64
14;88;69
5;62;59
21;93;70
24;93;72
22;69;64
8;73;63
18;79;67
7;84;62
28;71;69
13;84;66
28;72;66
26;62;63
15;60;62
13;64;58
22;92;67
15;98;68
21;77;67
17;81;67
9;66;62
7;82;66
21;66;65
17;84;67
17;97;69
24;68;67
27;91;69
18;61;62
18;75;67
23;64;63
12;74;65
21;67;66
23;75;71
24;77;70
8;72;68
15;86;67
15;97;71
21;76;65
23;68;64
29;71;69
17;94;68
17;83;67
27;78;71
22;66;64
28;78;69
22;71;68
13;98;69
12;95;67
11;63;58
24;81;66
27;69;69
31;76;70
25;95;70
27;81;70
17;73;66
13;68;61
25;92;71
23;85;69
21;79;69
22;69;65
22;73;69
28;98;74
28;81;71
23;76;68
25;81;69
23;91;68
17;74;63
25;67;68
12;83;67
26;87;71
13;89;66
22;95;69
15;75;68
23;63;63
20;98;69
10;77;66
23;85;71
17;87;68
25;82;69
20;68;65
22;90;68
14;92;67
16;82;65
17;80;65
25;65;64
30;63;69
15;74;64
26;72;66
7;98;65
13;91;69
14;86;66
12;81;64
10;67;61
22;99;72
19;75;67
22;64;63
24;80;69
22;95;70
24;95;71
20;60;60
13;95;70
26;71;69
16;62;63
14;94;69
19;95;71
15;84;68
17;83;64
22;93;68
22;91;69
15;96;65
17;82;68
26;99;74
23;100;72
32;65;67
27;94;73
27;80;68
12;76;61
25;85;70
20;62;62
17;80;67
21;95;69
26;69;93
23;77;68
15;98;69
24;77;68
16;74;64
21;78;69
18;81;66
19;85;68
25;92;72
14;78;63
32;93;73
9;81;65
16;74;65
22;86;68
24;89;70
19;82;65
20;62;66
22;67;66
19;71;65
28;71;69
25;87;69
25;61;64
14;90;66
20;71;63
18;72;68
14;81;68
22;69;65
17;95;69
24;63;66
14;78;63
30;94;72
15;85;67
21;72;67
25;77;68
17;88;71
25;99;73
13;96;68
29;74;69
20;100;69
16;60;63
18;61;62
25;93;70
16;68;66
16;62;62
19;69;64
13;77;63
31;89;71
17;85;67
25;70;67
21;80;67
14;97;71
20;93;69
25;73;93
19;99;72
27;88;71
26;62;63
26;61;65
17;67;61
14;89;66
16;67;61
21;80;67
23;64;64
7;97;69
20;74;64
21;96;70
18;98;73
28;60;63
23;79;68
28;61;64
19;96;69
26;81;69
30;63;67
28;64;69
13;75;62
18;98;66
18;88;68
23;95;71
24;75;66
15;62;62
20;99;68
8;61;59
29;98;70
17;75;66
20;60;65
18;88;66
27;99;73
3;99;65
20;66;65
19;67;64
17;83;69
30;85;74
15;90;68
25;67;65
22;98;72
28;86;71
16;94;69
16;82;67
27;77;71
23;99;68
11;83;63
17;95;69
22;98;68
25;87;73
16;82;69
3;60;58
23;62;65
13;68;63
8;67;59
3;70;58
25;72;66
21;74;67
19;77;67
28;64;67
24;62;65
30;87;71
12;81;66
20;78;68
10;85;65
19;93;71
19;77;64
24;86;72
20;98;69
24;94;70
24;77;66
33;86;70
18;67;62
14;82;66
21;99;70
15;81;63
29;97;73
18;76;70
17;100;71
17;83;65
24;62;64
19;83;66
16;71;82
30;61;68
15;93;67
20;71;68
24;92;69
10;72;63
23;68;66
14;99;68
25;74;71
14;84;69
24;84;70
27;82;70
25;97;73
22;87;68
19;76;65
17;94;72
29;67;67
16;82;68
14;98;69
24;85;70
15;93;69
14;86;68
11;94;65
17;98;70
20;71;65
21;67;61
26;79;69
23;88;67
19;69;65
19;60;63
23;74;67
28;99;76
21;88;70
17;76;67
14;68;66
11;74;65
24;67;65
23;64;63
23;96;74
19;100;72
28;67;68
17;62;62
26;73;65
20;78;69
16;68;61
24;72;67
22;68;66
22;91;70
20;89;72
20;85;69
34;75;68
27;96;74
24;99;70
21;67;67
26;69;68
23;81;69
20;64;66
18;77;66
20;83;68
1;81;60
21;73;69
17;82;66
30;98;77
20;68;63
13;86;66
20;62;64
14;63;63
23;82;68
22;64;65
26;61;65
15;67;64
20;83;68
12;88;62
24;68;67
23;87;73
23;67;69
20;85;65
22;76;66
30;86;73
18;100;72
21;98;72
13;60;61
15;95;69
21;63;66
27;98;74
18;71;64
19;75;66
18;64;64
17;64;66
22;89;72
11;98;71
28;84;70
16;89;67
24;90;71
12;71;63
24;62;64
24;60;64
22;74;65
14;70;65
21;62;62
13;67;65
18;65;64
26;97;74
25;66;67
20;82;66
14;84;70
24;82;68
20;64;64
6;73;58
25;62;65
20;76;68
27;68;64
13;82;66
1;88;92
22;81;69
22;77;68
10;75;63
14;94;64
37;69;68
18;89;67
24;90;68
16;77;66
7;72;66
19;79;68
18;64;64
18;62;63
19;64;62
22;67;66
19;80;65
12;94;66
23;69;66
8;97;69
8;98;67
24;98;75
23;94;73
20;75;66
12;63;61
16;83;68
18;82;67
10;94;66
16;100;69
24;80;69
29;74;67
17;67;65
25;60;63
9;80;63
24;82;66
15;93;66
22;80;69
19;97;72
28;85;70
15;94;68
24;66;66
18;94;67
19;87;68
19;67;62
15;68;64
20;97;71
20;61;65
21;79;69
21;73;65
25;87;71
26;94;69
14;74;65
25;77;66
13;99;68
24;91;72
24;96;74
9;78;64
21;69;64
17;76;63
15;89;66
28;64;67
16;71;64
15;62;62
20;77;66
24;93;71
19;61;63
27;87;72
23;97;71
7;69;61
17;88;71
17;99;69
23;98;74
4;69;61
35;64;68
23;66;67
21;88;70
27;89;69
34;87;72
25;73;66
26;67;67
21;83;70
19;79;68
17;89;68
15;78;65
16;74;63
12;72;62
20;68;66
10;71;62
21;64;61
20;74;63
21;61;65
17;67;64
38;90;74
28;73;70
13;87;63
21;89;68
16;83;69
14;98;70
12;61;62
23;90;71
16;98;69
26;94;69
26;67;68
28;73;65
15;67;65
23;84;65
24;88;72
17;73;63
15;82;68
30;88;72
21;77;66
24;94;71
15;91;67
13;63;61
17;85;70
19;69;64
14;82;64
20;98;68
10;95;70
13;76;65
24;72;67
24;69;65
18;81;65
14;65;65
14;82;66
18;60;62
24;73;63
26;69;63
17;99;70
13;89;67
22;74;66
15;64;63
17;81;66
28;69;67
25;81;68
21;93;67
12;85;66
21;85;71
26;82;69
18;97;72
28;97;70
28;81;68
30;72;68
22;78;67
24;67;62
28;85;67
23;80;69
17;64;64
17;68;66
21;79;69
12;96;70
19;83;69
27;87;72
7;74;61
29;83;68
27;78;68
17;86;66
23;62;65
20;80;66
27;72;67
26;73;68
12;98;67
24;67;63
19;72;64
20;80;66
16;95;69
30;77;70
26;90;72
16;94;71
12;72;63
18;76;68
23;74;67
21;93;69
28;62;65
25;72;69
26;87;71
22;83;67
12;77;64
19;82;68
26;68;67
20;77;62
23;80;68
18;96;72
14;70;61
19;95;67
22;86;70
16;61;59
19;89;70
14;61;60
27;100;74
18;95;68
29;72;67
29;70;67
20;75;66
14;74;63
7;75;62
11;73;64
12;85;68
28;67;65
21;94;71
22;92;68
7;79;62
13;94;68
25;70;68
22;61;67
19;85;67
23;78;70
30;83;69
19;96;70
20;99;69
21;85;70
34;91;72
7;63;59
24;66;64
19;89;72
23;77;70
16;78;63
20;72;66
24;84;72
39;67;71
25;85;71
15;67;62
17;63;62
17;73;64
9;69;65
18;96;68
24;62;67
12;67;61
26;82;68
23;79;68
16;62;62
19;60;62
30;100;74
24;86;68
20;75;66
19;79;67
20;71;65
17;74;66
7;86;67
32;95;76
21;67;66
22;94;68
20;65;63
16;69;65
19;61;63
10;66;59
34;97;74
13;78;62
14;63;59
17;98;71
28;95;73
20;90;68
13;97;68
28;69;66
24;93;69
23;88;70
24;95;74
34;92;75
33;74;71
16;91;71
30;70;65
22;73;65
23;64;65
10;97;67
19;72;67
15;81;67
25;76;71
26;98;72
8;73;62
20;91;70
27;94;72
19;77;64
24;75;66
22;90;69
22;97;71
18;90;68
13;69;63
13;96;71
24;76;65
20;83;66
19;93;68
17;68;61
18;91;71
26;84;70
18;96;66
12;67;61
24;77;67
19;93;72
20;61;65
30;64;68
20;100;70
22;71;63
13;99;69
19;67;62
24;74;71
11;90;64
21;86;69
21;83;71
20;81;63
26;94;72
22;69;66
29;78;69
14;66;60
21;84;68
21;70;65
14;73;67
26;79;66
34;61;68
20;64;63
23;87;73
21;77;66
16;95;67
9;88;66
16;60;60
12;85;67
30;64;67
19;91;70
18;100;69
25;81;68
13;87;67
15;69;63
20;78;70
26;94;71
23;67;67
21;71;64
20;78;66
22;88;70
21;75;65
14;97;68
20;64;65
14;75;65
20;88;69
17;69;63
35;86;70
20;67;64
12;62;62
19;65;66
23;97;73
30;82;72
16;92;68
11;73;62
25;84;67
12;80;62
17;98;72
18;90;67
20;89;68
24;62;65
16;82;79
18;79;66
20;97;68
21;70;65
21;71;67
23;76;67
25;70;67
22;65;68
23;94;72
11;82;65
20;94;65
23;93;70
24;71;67
16;82;68
16;63;63
17;97;68
23;76;69
26;76;66
18;72;64
25;78;69
21;70;62
19;75;65
19;92;70
24;93;72
22;72;66
34;79;70
15;95;67
23;62;65
17;96;68
15;69;62
20;87;68
21;83;69
38;82;72
19;94;65
13;64;63
22;74;68
8;82;62
19;92;69
20;69;65
25;92;74
26;76;70
17;68;65
19;90;70
15;64;59
13;81;63
22;63;64
12;74;63
18;84;67
14;82;65
23;76;67
31;77;73
12;69;64
9;78;65
19;98;72
20;94;72
21;66;66
17;61;62
19;97;68
22;81;67
26;82;69
8;91;67
18;73;63
21;79;65
14;99;71
30;87;70
16;66;68
20;65;65
23;68;68
16;91;69
9;72;62
17;61;62
26;98;72
18;67;64
15;60;58
26;69;66
18;69;64
17;77;68
21;97;69
25;95;71
34;78;71
25;76;67
27;82;71
17;70;64
14;62;62
20;98;70
21;67;63
14;68;66
19;79;65
22;80;69
22;61;63
23;66;64
22;75;66
17;87;67
17;69;66
13;77;65
31;82;72
20;96;70
19;73;67
14;65;64
38;80;72
14;90;65
17;64;62
22;77;67
24;61;64
26;61;63
31;79;72
23;72;66
14;94;70
18;84;66
22;78;70
32;76;67
12;80;64
27;62;67
21;96;72
25;100;72
19;67;68
15;65;64
25;66;66
24;86;68
26;86;66
20;94;70
16;90;70
11;78;62
25;85;69
23;88;69
14;81;66
17;79;68
17;86;71
11;82;64
15;86;67
13;85;68
18;89;67
16;86;68
10;81;69
32;87;71
28;78;68
15;70;65
22;60;63
23;82;65
27;84;72
15;99;67
27;74;69
17;76;67
12;68;64
24;63;62
28;91;71
36;70;70
13;84;64
24;88;69
18;79;65
25;95;73
11;78;64
12;71;64
15;96;70
20;94;70
16;67;64
24;61;64
26;64;66
24;71;66
30;99;74
22;82;69
13;75;67
28;96;73
16;78;66
25;73;67
29;98;75
23;94;73
11;94;67
14;80;65
28;92;71
19;67;63
20;83;68
25;99;72
24;72;67
22;92;71
19;80;67
18;62;66
25;91;72
23;67;64
18;85;68
26;63;65
19;98;74
15;72;65
15;69;63
14;65;65
18;98;70
27;88;71
15;90;66
21;80;69
16;79;67
18;64;64
11;82;67
19;70;67
19;99;70
23;92;71
21;77;68
13;66;65
27;91;70
21;65;64
21;68;67
20;68;63
17;82;65
21;91;70
23;73;67
10;63;60
17;79;64
18;90;65
22;69;64
27;69;67
15;98;71
17;98;69
17;100;70
15;92;69
18;68;69
25;68;64
14;74;63
23;73;67
10;98;66
17;92;69
18;89;69
30;67;69
18;96;72
7;93;65
8;67;63
20;95;69
24;71;69
22;63;64
21;86;69
27;86;72
17;64;62
25;73;66
10;100;65
15;87;69
9;89;65
18;69;67
20;63;63
21;71;66
20;70;61
14;69;64
19;68;64
11;83;65
28;73;68
18;93;69
17;67;61
30;79;72
13;61;61
13;79;66
13;62;60
20;99;69
23;92;72
24;80;69
35;63;71
7;84;64
24;90;71
17;68;64
16;83;67
16;93;67
15;91;66
30;92;73
25;95;73
20;98;70
28;76;70
11;83;62
12;92;68
7;88;65
16;100;73
21;61;65
21;74;66
21;71;64
12;70;63
25;69;62
21;88;70
24;63;65
9;90;64
22;88;70
13;70;62
18;70;67
23;85;66
21;90;74
15;95;69
20;94;70
11;99;68
27;83;70
19;96;71
27;92;73
17;96;69
17;60;61
15;99;68
25;79;66
16;92;67
24;65;64
18;76;67
8;71;61
17;72;65
13;65;62
20;92;69
13;60;61
26;73;69
19;67;64
19;84;65
24;70;64
26;70;68
20;80;67
15;86;68
9;65;61
16;67;69
16;70;64
21;99;74
18;76;66
24;84;68
16;70;65
20;80;66
27;63;66
22;61;65
20;79;67
16;76;65
16;65;63
15;88;67
17;100;70
25;76;68
19;85;66
12;99;67
31;93;72
22;79;68
12;89;66
17;65;62
21;80;65
30;71;67
13;66;62
26;77;66
28;65;67
16;88;68
18;78;66
14;81;68
19;66;62
20;66;64
24;83;68
27;99;71
16;64;63
8;71;62
20;95;69
22;63;62
21;95;71
18;81;69
21;76;66
29;72;64
22;72;65
18;72;68
17;95;69
19;89;68
30;87;71
19;92;66
20;70;65
17;85;68
27;78;72
32;91;75
23;72;67
20;86;67
20;95;70
6;76;64
24;63;65
21;81;68
23;74;67
16;87;66
18;98;69
18;79;64
26;79;68
18;86;68
32;64;65
23;70;65
12;97;65
19;87;67
16;61;63
7;68;62
30;87;73
24;91;72
23;94;71
21;72;67
12;97;66
17;82;68
25;88;70
14;84;66
5;65;56
19;99;71
19;65;64
21;70;65
24;93;70
24;85;70
22;94;71
27;81;70
11;75;62
23;97;72
24;61;62
13;94;67
11;69;58
16;94;69
16;66;60
25;83;72
16;96;66
15;79;66
16;90;69
27;92;70
20;89;70
19;97;70
19;78;67
28;67;67
16;62;59
28;70;67
21;66;65
19;82;68
35;67;71
14;62;61
18;61;63
13;93;67
26;84;69
30;74;70
30;96;69
27;63;66
19;99;70
18;85;67
10;67;61
32;87;74
23;91;70
17;77;66
28;94;73
14;66;62
22;71;65
19;64;62
24;68;64
20;70;63
11;97;69
20;63;63
26;77;67
20;81;65
25;96;71
14;100;71
20;90;69
16;99;71
24;91;68
20;99;70
24;88;71
27;63;68
24;76;69
22;86;71
14;74;63
20;71;66
17;83;67
18;97;71
18;61;59
14;91;67
8;89;66
16;99;72
21;97;70
12;90;68
20;81;63
31;68;69
26;82;67
30;91;75
22;96;67
27;92;74
16;68;66
16;84;65
4;73;60
27;60;63
29;68;69
17;65;64
18;94;68
15;70;63
22;71;65
27;98;74
10;75;65
22;60;61
18;71;66
21;65;67
23;64;66
19;63;69
19;84;65
19;68;65
26;74;66
23;94;73
21;77;64
12;97;67
18;80;67
25;76;68
20;90;71
24;63;64
31;64;67
26;86;68
21;79;67
17;92;70
5;97;64
19;76;63
18;84;71
22;80;64
19;99;70
18;93;70
9;96;67
14;70;62
23;91;69
30;71;69
19;68;62
22;98;70
26;61;66
15;99;69
22;66;65
16;93;66
25;71;69
21;74;66
22;69;65
15;83;66
24;74;63
33;86;72
14;61;62
18;63;64
21;64;61
25;77;70
17;93;67
3;96;66
28;70;66
25;83;68
10;91;67
16;72;65
29;76;70
29;81;69
26;65;68
19;61;61
20;66;65
19;85;71
27;63;66
15;68;62
15;74;61
26;63;67
20;68;66
28;96;71
16;61;62
20;86;67
14;75;64
20;87;68
11;84;67
17;69;63
11;94;70
24;80;67
24;93;71
10;76;62
28;99;75
35;91;72
20;99;73
16;81;64
37;79;73
12;90;66
20;95;69
21;99;70
28;73;70
22;92;71
17;68;64
14;82;71
18;67;63
14;74;68
20;97;71
17;66;65
11;85;66
28;84;72
17;65;65
12;73;60
19;83;67
20;67;65
10;92;64
22;99;72
14;69;62
30;67;67
23;78;67
18;90;69
16;71;65
19;61;62
24;82;69
20;98;72
19;76;63
20;77;64
16;99;67
18;88;70
7;89;64
26;83;69
22;99;72
15;88;69
31;96;75
21;88;67
14;89;67
25;72;66
22;72;64
22;91;68
17;72;66
23;83;69
18;70;65
23;93;70
9;64;57
17;93;69
30;84;70
15;67;63
16;82;66
17;71;64
13;73;65
7;74;64
19;63;62
21;99;71
20;61;64
19;86;72
20;75;64
26;86;71
19;74;68
17;87;68
18;89;68
23;88;69
28;65;67
16;86;66
21;71;65
22;61;63
14;77;62
20;77;67
11;79;65
9;88;66
22;72;66
18;73;64
21;62;67
20;87;67
14;83;61
20;74;66
13;88;66
28;81;67
12;79;64
19;80;64
14;85;67
23;86;68
18;72;64
17;66;63
25;66;68
20;86;64
23;95;70
14;76;64
12;67;59
21;90;71
18;93;67
24;95;73
20;84;66
21;94;73
10;61;62
31;64;69
19;64;66
24;89;68
15;63;65
22;80;67
12;79;64
23;72;67
18;95;66
20;67;68
24;74;68
13;91;64
16;61;63
23;87;72
33;93;75
19;97;71
24;95;71
19;73;66
32;83;71
10;63;61
21;70;65
10;64;58
5;73;62
22;95;69
21;74;65
18;82;69
19;77;68
39;78;70
18;99;72
23;72;66
16;85;68
22;77;67
19;62;61
18;80;64
31;93;74
27;64;64
21;63;64
6;66;61
18;91;71
36;89;72
19;83;68
27;79;69
29;96;74
21;91;70
15;92;69
5;93;64
24;86;71
15;78;65
21;95;71
13;97;71
18;61;66
20;62;64
22;98;70
13;71;61
27;95;71
16;76;65
10;65;59
19;63;63
20;66;64
21;70;63
28;80;70
19;88;70
19;99;72
13;78;65
25;81;71
21;81;70
17;82;66
9;81;64
29;60;64
13;60;59
16;64;65
22;64;66
13;88;67
11;68;62
7;96;65
24;97;73
17;99;70
38;98;75
14;71;66
14;80;65
17;67;64
21;92;70
17;96;71
24;94;68
14;77;64
12;90;67
9;64;65
7;62;62
17;90;68
18;77;66
16;100;69
27;64;68
27;94;71
18;79;68
9;93;64
17;93;66
16;97;70
16;72;60
16;98;69
16;66;65
18;63;66
16;77;64
21;93;71
22;79;66
15;93;66
28;89;68
14;68;63
10;98;66
22;62;61
15;96;70
22;72;68
6;80;65
28;77;69
24;67;67
11;74;62
11;68;61
30;68;70
16;67;65
15;80;65
6;92;66
18;83;66
19;96;69
24;85;70
12;88;63
11;87;64
23;78;65
26;88;71
11;63;61
26;94;69
20;91;69
27;70;66
20;91;72
5;61;60
19;69;62
26;63;66
15;91;69
18;90;69
19;93;71
3;60;57
30;80;72
15;88;66
23;66;66
19;86;70
28;63;67
22;67;65
19;79;63
15;86;68
25;66;63
9;67;63
24;68;68
13;70;60
28;69;67
21;76;65
24;86;68
20;78;62
9;91;65
15;89;66
24;65;67
21;62;60
27;95;74
22;63;62
14;66;61
15;61;63
21;85;66
6;83;65
30;99;72
23;95;70
27;76;71
11;75;64
27;72;70
33;66;68
12;66;61
25;65;68
20;65;64
11;70;64
23;72;71
25;98;72
16;83;66
27;100;74
10;75;65
11;78;64
21;73;69
20;67;62
16;66;62
25;98;72
23;99;73
25;62;64
19;66;65
24;77;70
17;67;66
32;75;70
15;65;63
33;78;69
20;71;64
12;74;63
28;64;66
21;77;68
25;99;97
27;73;67
22;95;71
16;94;66
26;98;72
20;92;70
24;86;69
7;94;66
23;63;69
16;79;65
30;100;75
24;91;70
21;98;70
23;91;69
14;95;68
30;88;73
32;90;74
22;81;66
30;97;74
17;93;67
15;94;67
20;87;70
23;72;67
18;61;80
23;97;70
22;83;71
14;72;64
23;66;68
25;93;68
21;93;69
27;93;72
13;86;65
23;75;64
13;72;64
13;60;58
16;93;69
14;63;61
17;85;68
19;80;66
25;81;68
18;97;70
10;61;62
27;91;71
15;62;61
20;62;64
23;77;65
21;63;63
27;92;74
23;81;68
15;61;65
33;62;66
21;85;69
19;92;69
26;78;70
21;82;70
22;92;71
35;84;72
18;69;61
18;85;68
21;85;66
26;89;70
11;85;63
8;99;68
16;68;62
10;98;69
17;82;69
23;87;72
15;64;64
11;75;63
20;91;70
25;88;69
10;62;61
25;82;70
25;64;64
26;100;76
27;96;73
33;61;67
18;94;69
21;97;72
18;74;66
20;89;70
29;78;73
12;86;68
15;74;66
28;73;67
26;77;67
18;66;62
25;93;72
22;74;65
29;76;69
20;96;69
26;80;69
36;82;69
24;98;69
20;95;70
24;67;67
18;79;69
34;99;75
21;75;66
18;75;63
15;68;64
27;65;66
25;90;72
17;91;71
23;99;70
11;91;67
21;70;65
23;62;65
30;99;73
15;74;66
12;72;62
15;96;71
12;83;66
28;69;65
29;96;75
22;100;74
27;63;65
21;94;71
19;76;65
18;81;65
18;97;67
11;99;67
22;70;66
20;69;67
24;63;66
21;82;65
19;61;59
15;76;69
20;63;63
24;76;65
13;62;61
21;93;68
21;68;65
16;73;61
16;95;69
21;90;72
13;69;59
22;63;63
15;89;69
26;76;67
34;91;70
15;78;67
23;74;66
16;78;68
26;90;71
12;96;69
23;62;65
15;81;66
19;61;66
14;79;67
25;95;74
15;74;66
23;97;72
18;85;69
19;97;68
21;90;71
15;64;61
21;69;65
29;76;71
15;67;59
27;80;71
29;79;72
15;98;71
11;77;61
22;91;67
17;98;67
31;95;74
20;68;66
15;80;63
13;74;63
27;76;68
17;74;65
20;93;66
26;78;67
17;81;67
20;99;70
20;62;65
24;80;68
24;91;70
19;66;66
20;84;69
18;70;65
11;95;68
22;73;65
31;73;70
15;84;65
15;67;67
15;71;64
24;77;68
23;74;70
19;81;64
14;84;67
21;83;68
11;86;67
21;72;66
25;65;66
12;90;66
11;94;67
29;70;69
16;76;65
27;80;68
19;81;67
19;86;69
23;62;64
15;89;67
21;62;67
18;79;67
12;93;67
22;78;68
18;66;65
19;99;70
13;96;68
30;91;72
25;76;67
26;67;66
18;98;68
10;81;64
32;94;75
20;74;66
16;73;67
23;99;71
27;81;68
20;66;65
28;69;67
26;79;66
14;62;60
16;79;64
26;77;69
4;91;64
19;74;66
11;99;72
17;67;60
18;84;69
18;64;62
17;89;70
13;100;65
34;93;77
31;82;71
13;79;66
29;93;74
18;97;70
21;100;69
20;76;64
16;100;69
26;66;68
21;70;63
17;64;61
12;71;61
15;91;65
10;94;65
20;91;69
13;85;69
18;81;65
28;88;72
27;76;69
20;94;71
19;87;67
31;88;72
23;81;70
18;95;68
11;70;66
22;75;68
25;91;71
16;80;63
22;96;70
18;74;65
19;75;70
5;96;65
19;79;68
26;81;69
16;73;66
20;71;62
15;86;70
22;65;65
19;95;71
14;91;68
28;68;65
26;88;70
16;84;69
23;67;66
23;71;66
24;76;67
10;88;63
26;86;70
17;81;65
18;91;70
36;90;74
22;85;69
18;91;68
7;73;64
28;95;73
12;85;66
14;93;65
18;82;66
28;69;67
25;82;67
19;75;66
22;88;69
16;79;69
21;93;68
20;87;64
26;87;70
26;69;67
23;99;68
18;94;67
24;92;73
19;73;65
14;81;69
18;65;63
21;82;68
25;66;64
19;82;68
13;86;66
20;76;65
21;80;69
21;95;69
26;64;64
26;92;74
16;67;64
16;61;63
14;67;64
24;91;71
29;76;68
18;95;72
19;81;67
29;61;64
23;89;70
23;64;65
13;92;69
24;67;65
14;74;66
13;90;67
18;98;68
16;75;65
19;93;68
11;68;63
26;92;71
27;86;71
8;68;65
26;72;65
15;65;61
25;75;68
20;68;65
20;86;66
19;100;69
27;60;65
13;82;65
24;83;70
27;97;70
24;80;67
34;82;75
17;79;65
26;71;66
19;62;67
27;76;67
20;62;62
18;82;66
28;72;66
17;81;64
12;65;60
17;97;70
24;96;72
28;68;67
21;74;67
28;85;72
12;64;63
17;74;60
18;70;65
19;97;72
21;94;70
24;83;71
17;81;66
21;97;72
20;97;73
14;99;71
19;65;64
19;66;66
19;87;69
20;82;66
20;61;63
17;62;62
28;96;98
13;95;71
16;74;66
37;96;75
14;84;68
12;92;69
24;77;68
8;65;60
19;77;64
33;78;71
11;82;69
8;64;60
11;100;70
25;70;66
27;68;68
17;81;67
24;81;70
28;78;69
31;91;75
19;81;65
6;84;65
15;89;66
17;61;64
18;83;66
19;95;70
27;61;63
28;76;66
19;97;71
27;74;68
22;78;68
20;99;71
25;68;63
20;63;60
32;94;73
11;95;68
17;79;70
19;81;66
23;93;72
28;90;70
20;71;68
11;61;60
25;79;68
25;94;74
8;96;68
20;98;72
10;95;69
16;83;98
15;78;68
25;91;70
21;90;69
12;82;64
25;63;65
11;97;69
22;78;67
15;75;65
18;85;70
23;87;68
23;68;65
28;93;74
20;72;65
22;67;65
17;76;68
21;89;68
23;99;74
19;92;71
9;98;67
22;66;64
22;63;61
16;82;66
12;72;61
29;93;73
23;87;70
19;99;70
13;70;63
15;79;69
28;80;72
21;70;66
17;84;68
23;78;67
15;78;65
29;75;68
28;61;68
17;81;69
16;73;66
4;60;58
11;72;60
12;71;67
21;76;65
18;65;62
12;80;65
18;88;69
23;85;70
23;92;70
9;78;63
19;81;69
12;92;64
25;77;69
25;88;70
15;77;64
15;77;65
17;90;70
6;67;60
22;74;68
18;69;61
26;74;68
13;69;61
16;83;64
11;92;66
14;91;70
13;75;65
26;100;74
16;84;66
21;76;65
18;93;69
12;89;69
19;90;69
24;68;66
13;79;63
25;94;69
15;80;65
17;87;67
23;84;66
16;94;67
20;71;65
18;83;69
21;65;65
6;88;67
9;89;66
24;62;64
26;87;70
15;77;65
19;65;65
22;77;64
24;68;64
8;77;61
15;75;65
18;90;68
24;91;70
35;84;74
19;61;60
12;97;71
22;87;70
28;61;67
21;93;68
15;68;64
26;83;67
24;79;65
14;77;66
22;96;72
26;77;69
27;63;65
20;98;71
18;97;72
27;87;70
13;79;63
23;64;66
12;92;67
26;63;67
18;63;62
28;81;72
23;66;69
13;60;61
29;77;67
29;65;66
25;66;68
15;63;62
18;68;63
21;89;70
16;92;68
30;78;71
21;80;65
4;61;59
22;63;64
18;70;67
20;82;68
18;90;95
25;84;70
27;76;68
22;65;65
18;91;70
20;75;67
20;89;69
15;81;68
23;90;72
23;96;71
29;97;75
28;81;70
16;80;66
25;71;67
14;97;70
24;78;71
17;65;64
14;77;65
22;65;64
4;80;62
9;82;64
19;74;66
20;63;64
18;98;71
11;91;68
15;94;70
22;75;66
23;90;71
20;79;68
27;68;66
22;65;66
16;74;65
18;66;64
12;100;67
19;62;65
27;78;69
24;78;69
28;72;69
18;83;68
28;66;67
19;91;68
29;73;65
20;84;69
24;89;73
29;96;76
19;93;69
21;84;69
28;76;68
19;80;70
12;91;64
33;95;73
17;64;64
21;75;65
27;91;69
16;77;62
14;73;64
22;76;64
9;84;67
18;100;69
21;80;67
18;68;65
11;67;63
30;62;66
21;82;70
29;82;70
18;68;67
15;88;65
22;90;70
19;70;66
13;74;66
29;100;72
16;75;64
9;90;70
28;78;71
17;92;66
16;91;70
9;87;64
30;94;70
12;98;67
20;83;65
25;69;68
23;76;69
20;90;68
10;86;68
15;67;64
